0,Gary.Cross0@davis-yates.com,pass0,Gary,Cross
1,Chelsea.Greer1@jones.com,pass1,Chelsea,Greer
2,Jasmine.Perry2@campos.com,pass2,Jasmine,Perry
3,Steven.Bowman3@chandler.com,pass3,Steven,Bowman
4,Daniel.Duarte4@hernandez-sullivan.biz,pass4,Daniel,Duarte
5,Meghan.Trujillo5@walls.com,pass5,Meghan,Trujillo
6,Julie.Chen6@santana-duffy.org,pass6,Julie,Chen
7,Steven.Clark7@cox.com,pass7,Steven,Clark
8,Cody.Fisher8@cole.com,pass8,Cody,Fisher
9,Jennifer.Walters9@simpson.com,pass9,Jennifer,Walters
10,Mark.Thompson10@arellano.net,pass10,Mark,Thompson
11,Bruce.Miller11@mccormick.net,pass11,Bruce,Miller
12,Mark.Burnett12@bryant-smith.com,pass12,Mark,Burnett
13,Haley.Beck13@frye.net,pass13,Haley,Beck
14,Vicki.Ballard14@browning-beck.com,pass14,Vicki,Ballard
15,Jonathan.Simon15@hughes-rowe.biz,pass15,Jonathan,Simon
16,Laurie.Miller16@brown.com,pass16,Laurie,Miller
17,Robert.Gutierrez17@morris.info,pass17,Robert,Gutierrez
18,Carla.Fisher18@bradley-parks.com,pass18,Carla,Fisher
19,Micheal.Munoz19@brooks-clark.com,pass19,Micheal,Munoz
20,Victoria.Manning20@leon.com,pass20,Victoria,Manning
21,Derrick.Romero21@hansen.net,pass21,Derrick,Romero
22,William.Saunders22@sutton.com,pass22,William,Saunders
23,Ronald.Byrd23@fisher.com,pass23,Ronald,Byrd
24,Cody.Crawford24@sanchez.org,pass24,Cody,Crawford
25,Lisa.Ward25@stewart.org,pass25,Lisa,Ward
26,Zachary.Garcia26@hale.com,pass26,Zachary,Garcia
27,Amy.Price27@summers.info,pass27,Amy,Price
28,Johnny.Martinez28@hodge.net,pass28,Johnny,Martinez
29,David.Turner29@rivers-young.info,pass29,David,Turner
30,Gina.Taylor30@parks.org,pass30,Gina,Taylor
31,Paula.Walter31@arnold-stone.com,pass31,Paula,Walter
32,Ashley.Williams32@greene.info,pass32,Ashley,Williams
33,Ann.Crawford33@hines.net,pass33,Ann,Crawford
34,Sheila.Mckinney34@castillo.com,pass34,Sheila,Mckinney
35,Brenda.Berg35@marquez.com,pass35,Brenda,Berg
36,John.Mccoy36@wood-howell.com,pass36,John,Mccoy
37,Bruce.Moore37@shelton.net,pass37,Bruce,Moore
38,Christy.Flores38@west.net,pass38,Christy,Flores
39,Kevin.Downs39@turner.com,pass39,Kevin,Downs
40,John.Strong40@mcdonald.com,pass40,John,Strong
41,Grant.Melendez41@hardin-foster.org,pass41,Grant,Melendez
42,Jordan.Parker42@flynn.com,pass42,Jordan,Parker
43,Frank.Galloway43@sharp-forbes.biz,pass43,Frank,Galloway
44,Ricky.Barnes44@ferrell.com,pass44,Ricky,Barnes
45,Rhonda.Vaughan45@fletcher-cummings.com,pass45,Rhonda,Vaughan
46,Daniel.Butler46@crawford.net,pass46,Daniel,Butler
47,James.Washington47@lucas.com,pass47,James,Washington
48,Joshua.Whitaker48@dennis.biz,pass48,Joshua,Whitaker
49,Tara.Shaw49@walker.com,pass49,Tara,Shaw
