0,0,Long-term ville account
1,0,Medium-term berg account
2,0,Long-term chester account
3,1,Duke Tuition ville account
4,1,Medium-term borough account
5,1,Medium-term berg account
6,1,Short-term burgh account
7,2,Food view account
8,2,Long-term view account
9,2,Duke Tuition mouth account
10,3,Emergencies burgh account
11,3,Medium-term mouth account
12,3,Food mouth account
13,4,Duke Tuition side account
14,4,Short-term ville account
15,4,Duke Tuition land account
16,4,General furt account
17,5,Duke Tuition town account
18,5,Short-term ton account
19,5,Short-term borough account
20,5,Duke Tuition mouth account
21,6,Duke Tuition chester account
22,6,Short-term bury account
23,6,General mouth account
24,6,General chester account
25,7,General shire account
26,7,Long-term ville account
27,7,Medium-term mouth account
28,8,Long-term land account
29,8,Duke Tuition fort account
30,8,Short-term fort account
31,9,General port account
32,9,Medium-term bury account
33,9,Duke Tuition furt account
34,9,Emergencies ton account
35,10,Emergencies stad account
36,10,Duke Tuition mouth account
37,10,Emergencies burgh account
38,11,Duke Tuition land account
39,11,Long-term side account
40,11,Medium-term view account
41,11,Duke Tuition mouth account
42,12,Medium-term town account
43,12,Emergencies burgh account
44,12,Food berg account
45,12,Medium-term side account
46,13,Food shire account
47,13,General mouth account
48,13,Short-term mouth account
49,14,Food land account
50,14,Long-term furt account
51,14,Emergencies view account
52,15,General mouth account
53,15,Short-term port account
54,15,General town account
55,16,Food furt account
56,16,Medium-term town account
57,16,Long-term mouth account
58,17,General ville account
59,17,Duke Tuition berg account
60,17,General port account
61,17,Food mouth account
62,18,Short-term port account
63,18,Medium-term berg account
64,18,General fort account
65,19,Medium-term mouth account
66,19,Emergencies town account
67,19,Short-term mouth account
68,20,Duke Tuition berg account
69,20,Medium-term chester account
70,20,Duke Tuition town account
71,21,Duke Tuition port account
72,21,Food burgh account
73,21,Short-term shire account
74,21,Emergencies burgh account
75,22,General land account
76,22,Short-term chester account
77,22,Duke Tuition haven account
78,23,General mouth account
79,23,Medium-term side account
80,23,General berg account
81,24,General chester account
82,24,Emergencies mouth account
83,24,Emergencies berg account
84,24,Long-term side account
85,25,Emergencies stad account
86,25,Medium-term shire account
87,25,Medium-term burgh account
88,26,Food land account
89,26,Food land account
90,26,Medium-term bury account
91,26,Duke Tuition ville account
92,27,Emergencies borough account
93,27,Duke Tuition fort account
94,27,Food borough account
95,27,Food town account
96,28,Medium-term furt account
97,28,General mouth account
98,28,General view account
99,29,Emergencies stad account
100,29,General shire account
101,29,Long-term view account
102,29,Duke Tuition mouth account
103,30,Duke Tuition haven account
104,30,Medium-term ton account
105,30,Long-term port account
106,30,Emergencies mouth account
107,31,Long-term chester account
108,31,Food bury account
109,31,Emergencies fort account
110,32,Medium-term town account
111,32,Long-term haven account
112,32,General furt account
113,33,Food mouth account
114,33,Short-term borough account
115,33,Duke Tuition shire account
116,33,Emergencies stad account
117,34,Food port account
118,34,Food burgh account
119,34,General burgh account
120,35,Emergencies view account
121,35,Short-term borough account
122,35,Emergencies ville account
123,36,Long-term stad account
124,36,Medium-term furt account
125,36,General berg account
126,37,General port account
127,37,Medium-term view account
128,37,Food burgh account
129,38,Long-term furt account
130,38,Short-term town account
131,38,Emergencies land account
132,39,Medium-term burgh account
133,39,General furt account
134,39,Medium-term chester account
135,39,Food land account
136,40,Short-term land account
137,40,Medium-term shire account
138,40,Medium-term bury account
139,41,Medium-term side account
140,41,General land account
141,41,General borough account
142,41,Long-term mouth account
143,42,General mouth account
144,42,Food side account
145,42,Short-term ville account
146,42,Food burgh account
147,43,Emergencies burgh account
148,43,Long-term shire account
149,43,Long-term ton account
150,43,Emergencies mouth account
151,44,Emergencies view account
152,44,Emergencies borough account
153,44,Short-term side account
154,44,Long-term ton account
155,45,Food fort account
156,45,General land account
157,45,Short-term town account
158,46,Food ton account
159,46,Short-term borough account
160,46,Emergencies burgh account
161,46,Long-term fort account
162,47,Long-term borough account
163,47,Short-term haven account
164,47,Food port account
165,48,Long-term shire account
166,48,Long-term shire account
167,48,Short-term land account
168,48,General berg account
169,49,Medium-term stad account
170,49,General side account
171,49,Long-term town account
